Method,FNR Disparity (Mean),FNR Disparity (CI Lower),FNR Disparity (CI Upper),Accuracy (Mean),Accuracy (CI Lower),Accuracy (CI Upper),DP Difference (Mean),DP Difference (CI Lower),DP Difference (CI Upper)
Unmitigated Baseline,0.01921420152167368,0.0010758681948012108,0.044107686744558505,0.8464737007964246,0.8428063943161634,0.8501690253824558,0.03174804007620112,0.020553710399547245,0.04241635885878934
Fairlearn (Demographic Parity),0.04259928567560381,0.013554895265055876,0.07030231744783166,0.8458393112931873,0.8421761301781928,0.8495394774537329,0.021297956314295326,0.010359094306905734,0.03170975713463519
Fairlearn (Equalized Odds),0.01314974508879985,0.0006008141333737125,0.03484713085984576,0.833723915659199,0.8298286827479516,0.8374205007735059,0.03441812762611396,0.02412374099495191,0.04403213770776153
AIF360 Reweighing,0.01866821415144956,0.0010169936772130505,0.043747481001137824,0.8465223743768979,0.8429202715865467,0.8500830802727325,0.030285717123921637,0.019122328174201335,0.040519941071250204
