{
  "Unmitigated Baseline": {
    "fnr_disparity": {
      "mean": 0.01921420152167368,
      "ci_lower": 0.0010758681948012108,
      "ci_upper": 0.044107686744558505,
      "std": 0.012411981031749645
    },
    "dp_difference": {
      "mean": 0.03174804007620112,
      "ci_lower": 0.020553710399547245,
      "ci_upper": 0.04241635885878934,
      "std": 0.005392444168300933
    },
    "accuracy": {
      "mean": 0.8464737007964246,
      "ci_lower": 0.8428063943161634,
      "ci_upper": 0.8501690253824558,
      "std": 0.0018941375982219975
    },
    "equalized_odds": {
      "mean": 0.017448585023074607,
      "ci_lower": 0.007079835114815782,
      "ci_upper": 0.030542373497183462,
      "std": 0.006474737956107463
    },
    "fnr_group_0": {
      "mean": 0.40770065928521204,
      "ci_lower": 0.3804884779992258,
      "ci_upper": 0.4352900243550872,
      "std": 0.013881670492307341
    },
    "fnr_group_1": {
      "mean": 0.4250897441320775,
      "ci_lower": 0.4144002431562511,
      "ci_upper": 0.43638664120598963,
      "std": 0.005685502441110664
    },
    "tpr_group_0": {
      "mean": 0.592299340714788,
      "ci_lower": 0.5647099756449128,
      "ci_upper": 0.6195115220007742,
      "std": 0.013881670492307341
    },
    "tpr_group_1": {
      "mean": 0.5749102558679225,
      "ci_lower": 0.5636133587940103,
      "ci_upper": 0.585599756843749,
      "std": 0.005685502441110665
    },
    "fpr_group_0": {
      "mean": 0.049893827579091034,
      "ci_lower": 0.04377785904036754,
      "ci_upper": 0.056201075761423816,
      "std": 0.0033259542730424358
    },
    "fpr_group_1": {
      "mean": 0.06557679610356658,
      "ci_lower": 0.062309097829242974,
      "ci_upper": 0.0688768994515998,
      "std": 0.001677798177247548
    }
  },
  "Fairlearn (Demographic Parity)": {
    "fnr_disparity": {
      "mean": 0.04259928567560381,
      "ci_lower": 0.013554895265055876,
      "ci_upper": 0.07030231744783166,
      "std": 0.014781851685367955
    },
    "dp_difference": {
      "mean": 0.021297956314295326,
      "ci_lower": 0.010359094306905734,
      "ci_upper": 0.03170975713463519,
      "std": 0.005445408918152037
    },
    "accuracy": {
      "mean": 0.8458393112931873,
      "ci_lower": 0.8421761301781928,
      "ci_upper": 0.8495394774537329,
      "std": 0.0018931724876907067
    },
    "equalized_odds": {
      "mean": 0.026072869985052403,
      "ci_lower": 0.011229321556110373,
      "ci_upper": 0.04087543252878728,
      "std": 0.007725319955693506
    },
    "fnr_group_0": {
      "mean": 0.3874174165254342,
      "ci_lower": 0.360134630696655,
      "ci_upper": 0.41400590921300023,
      "std": 0.013857524369909665
    },
    "fnr_group_1": {
      "mean": 0.43000574823823784,
      "ci_lower": 0.419079097922937,
      "ci_upper": 0.4410034692769147,
      "std": 0.005629539777825299
    },
    "tpr_group_0": {
      "mean": 0.6125825834745658,
      "ci_lower": 0.5859940907869997,
      "ci_upper": 0.639865369303345,
      "std": 0.013857524369909665
    },
    "tpr_group_1": {
      "mean": 0.5699942517617621,
      "ci_lower": 0.5589965307230853,
      "ci_upper": 0.580920902077063,
      "std": 0.005629539777825297
    },
    "fpr_group_0": {
      "mean": 0.055383557396300985,
      "ci_lower": 0.049084172777360394,
      "ci_upper": 0.06248912460236617,
      "std": 0.0034297330949982032
    },
    "fpr_group_1": {
      "mean": 0.0648956958733697,
      "ci_lower": 0.0615698356435594,
      "ci_upper": 0.0681350787025227,
      "std": 0.0017388811836022637
    }
  },
  "Fairlearn (Equalized Odds)": {
    "fnr_disparity": {
      "mean": 0.01314974508879985,
      "ci_lower": 0.0006008141333737125,
      "ci_upper": 0.03484713085984576,
      "std": 0.009714269504979334
    },
    "dp_difference": {
      "mean": 0.03441812762611396,
      "ci_lower": 0.02412374099495191,
      "ci_upper": 0.04403213770776153,
      "std": 0.005065583785923397
    },
    "accuracy": {
      "mean": 0.833723915659199,
      "ci_lower": 0.8298286827479516,
      "ci_upper": 0.8374205007735059,
      "std": 0.0019288247535410492
    },
    "equalized_odds": {
      "mean": 0.01423694567952899,
      "ci_lower": 0.006790318980861823,
      "ci_upper": 0.026100577328182956,
      "std": 0.005117821396290795
    },
    "fnr_group_0": {
      "mean": 0.47859630172757633,
      "ci_lower": 0.4505712488719954,
      "ci_upper": 0.5060057715793909,
      "std": 0.013974742139404575
    },
    "fnr_group_1": {
      "mean": 0.47226305116623263,
      "ci_lower": 0.4611493668520946,
      "ci_upper": 0.4841220768130776,
      "std": 0.005702860410843149
    },
    "tpr_group_0": {
      "mean": 0.5214036982724235,
      "ci_lower": 0.4939942284206092,
      "ci_upper": 0.5494287511280045,
      "std": 0.013974742139404576
    },
    "tpr_group_1": {
      "mean": 0.5277369488337674,
      "ci_lower": 0.5158779231869225,
      "ci_upper": 0.5388506331479054,
      "std": 0.00570286041084315
    },
    "fpr_group_0": {
      "mean": 0.05015298049702128,
      "ci_lower": 0.04380621720464303,
      "ci_upper": 0.05640283740961084,
      "std": 0.003243615977911605
    },
    "fpr_group_1": {
      "mean": 0.0654771267672794,
      "ci_lower": 0.062275857221908926,
      "ci_upper": 0.06880763952293201,
      "std": 0.0016582284052186799
    }
  },
  "AIF360 Reweighing": {
    "fnr_disparity": {
      "mean": 0.01866821415144956,
      "ci_lower": 0.0010169936772130505,
      "ci_upper": 0.043747481001137824,
      "std": 0.012290450962540873
    },
    "dp_difference": {
      "mean": 0.030285717123921637,
      "ci_lower": 0.019122328174201335,
      "ci_upper": 0.040519941071250204,
      "std": 0.005405106594012217
    },
    "accuracy": {
      "mean": 0.8465223743768979,
      "ci_lower": 0.8429202715865467,
      "ci_upper": 0.8500830802727325,
      "std": 0.0018776378332605304
    },
    "equalized_odds": {
      "mean": 0.016198713824148666,
      "ci_lower": 0.006078535086587849,
      "ci_upper": 0.029090237840890803,
      "std": 0.006403772969573952
    },
    "fnr_group_0": {
      "mean": 0.41157801611728273,
      "ci_lower": 0.38461538461538464,
      "ci_upper": 0.4402939410830045,
      "std": 0.013898788514889024
    },
    "fnr_group_1": {
      "mean": 0.4282783153992087,
      "ci_lower": 0.4176041327886556,
      "ci_upper": 0.4397774426896076,
      "std": 0.005680352331245271
    },
    "tpr_group_0": {
      "mean": 0.5884219838827173,
      "ci_lower": 0.5597060589169954,
      "ci_upper": 0.6153846153846154,
      "std": 0.013898788514889023
    },
    "tpr_group_1": {
      "mean": 0.5717216846007914,
      "ci_lower": 0.5602225573103924,
      "ci_upper": 0.5823958672113444,
      "std": 0.00568035233124527
    },
    "fpr_group_0": {
      "mean": 0.05032072547361085,
      "ci_lower": 0.04417854836163411,
      "ci_upper": 0.05688112484022156,
      "std": 0.0033229882028861595
    },
    "fpr_group_1": {
      "mean": 0.06404993897045862,
      "ci_lower": 0.060714769374002074,
      "ci_upper": 0.06730160030448333,
      "std": 0.0016555451696892208
    }
  }
}